{
  "accuracy": 0.3931117066773108,
  "precision": 0.2956556969169241,
  "recall": 0.3931117066773108,
  "f1": 0.24249515704092253
}