{
  "accuracy": 0.39073414112615823,
  "precision": 0.3018221454436883,
  "recall": 0.39073414112615823,
  "f1": 0.2524274100913506
}