{
  "accuracy": 0.39301496792587315,
  "precision": 0.30357002463228905,
  "recall": 0.39301496792587315,
  "f1": 0.3373005819550005
}