{
  "accuracy": 0.3948793978445572,
  "precision": 0.31405435072904975,
  "recall": 0.3948793978445572,
  "f1": 0.33123711720102733
}