{
  "accuracy": 0.3970064148253742,
  "precision": 0.4388387455802726,
  "recall": 0.3970064148253742,
  "f1": 0.32321921082356164
}