{
  "accuracy": 0.3957062211324628,
  "precision": 0.29243220895590943,
  "recall": 0.3957062211324628,
  "f1": 0.28309939745292906
}