{
  "accuracy": 0.383464005702067,
  "precision": 0.3813395446012202,
  "recall": 0.383464005702067,
  "f1": 0.3337823961888505
}