{
  "accuracy": 0.3891660727013542,
  "precision": 0.15145023214179573,
  "recall": 0.3891660727013542,
  "f1": 0.2180448185684345
}