{
  "accuracy": 0.3904490377761939,
  "precision": 0.2951359758622883,
  "recall": 0.3904490377761939,
  "f1": 0.3329548039449482
}