{
  "accuracy": 0.4065573770491803,
  "precision": 0.4140345248434498,
  "recall": 0.4065573770491803,
  "f1": 0.3795232805822466
}