{
  "accuracy": 0.8476190476190476,
  "precision": 0.4238095238095238,
  "recall": 0.5,
  "f1_score": 0.4587628865979381
}