{
  "modelName": "Enhanced_Transformer",
  "parameters": {
    "weights": {
      "open": -0.00013170082723130681,
      "high": 0.04012676698510673,
      "low": 0.111581332289131,
      "close": 0.15974834294072446,
      "volume": -0.09461527224169423,
      "rsi_14": 0.17322849568265986,
      "rsi_7": -0.12404014683544924,
      "rsi_21": 0.1511772546886102,
      "sma_10": 0.027267765456508282,
      "sma_20": -0.09688940193800796,
      "sma_50": -0.13153382580253542,
      "ema_12": -0.18132582202136285,
      "ema_26": -0.10023426110877072,
      "ema_50": -0.13839679036681793,
      "macd": 0.007268154528767711,
      "macd_signal": 0.021728102428247065,
      "macd_histogram": -0.0014368153560092793,
      "bb_upper": -0.15558629871034477,
      "bb_middle": -0.18632647289303558,
      "bb_lower": -0.1889596979027442,
      "bb_width": 0.175622584151788,
      "bb_position": 0.11995626436876437,
      "volume_sma_20": 0.07224026150194025,
      "volume_ratio": -0.07009211115045487,
      "body_size": 0.048765320263192184,
      "upper_wick": 0.1029842494030827,
      "lower_wick": -0.1262792018309968,
      "atr_14": 0.07829990191824256,
      "volatility_10": 0.056907178583986806,
      "momentum_5": -0.06603996650770208,
      "momentum_10": 0.007703291046913269,
      "higher_tf_trend": 0.14466210688397002,
      "lower_tf_momentum": -0.03536976396473902,
      "support_level": 0.02620418935350397,
      "resistance_level": -0.11153296832822085,
      "trend_strength": -0.03712073271830402,
      "hour_of_day": 0.18894250786297997,
      "day_of_week": 0.08377672154543962
    },
    "biases": [
      0,
      0,
      0
    ],
    "learningRate": 0.001,
    "epochs": 100,
    "batchSize": 32,
    "regularization": 0.01,
    "dropout": 0.2
  },
  "trainingHistory": [
    {
      "epoch": 1,
      "trainLoss": 0.33694774919966175,
      "validationLoss": 0.36933369780016634,
      "trainAccuracy": 0.6445758311091389,
      "validationAccuracy": 0.6472580756483044,
      "learningRate": 0.001
    },
    {
      "epoch": 2,
      "trainLoss": 0.3450329787899925,
      "validationLoss": 0.17430721298360616,
      "trainAccuracy": 0.6594303596895675,
      "validationAccuracy": 0.685668075205333,
      "learningRate": 0.001
    },
    {
      "epoch": 3,
      "trainLoss": 0.3432153329881963,
      "validationLoss": 0.32357025732244427,
      "trainAccuracy": 0.6635359354337009,
      "validationAccuracy": 0.8402073838555957,
      "learningRate": 0.001
    },
    {
      "epoch": 4,
      "trainLoss": 0.3685170539180707,
      "validationLoss": 0.3707807189238157,
      "trainAccuracy": 0.6621756761071256,
      "validationAccuracy": 0.7186656729176979,
      "learningRate": 0.001
    },
    {
      "epoch": 5,
      "trainLoss": 0.34239236638594817,
      "validationLoss": 0.1650387242260474,
      "trainAccuracy": 0.6455182776012028,
      "validationAccuracy": 0.6988607116537457,
      "learningRate": 0.001
    },
    {
      "epoch": 6,
      "trainLoss": 0.3565276468384578,
      "validationLoss": 0.15519876568777988,
      "trainAccuracy": 0.6453807498034762,
      "validationAccuracy": 0.6722183199984324,
      "learningRate": 0.001
    },
    {
      "epoch": 7,
      "trainLoss": 0.36526799888240213,
      "validationLoss": 0.3712833966720706,
      "trainAccuracy": 0.6438620263423085,
      "validationAccuracy": 0.6839783633341987,
      "learningRate": 0.001
    },
    {
      "epoch": 8,
      "trainLoss": 0.3561263589170999,
      "validationLoss": 0.45291345484651024,
      "trainAccuracy": 0.6646525522152722,
      "validationAccuracy": 0.8166019051403692,
      "learningRate": 0.001
    },
    {
      "epoch": 9,
      "trainLoss": 0.3640222798437991,
      "validationLoss": 0.2077658895553342,
      "trainAccuracy": 0.6626413374768525,
      "validationAccuracy": 0.6350407053508826,
      "learningRate": 0.001
    },
    {
      "epoch": 10,
      "trainLoss": 0.3388769709836979,
      "validationLoss": 0.363384934942743,
      "trainAccuracy": 0.6416969239258572,
      "validationAccuracy": 0.6208641760270674,
      "learningRate": 0.001
    },
    {
      "epoch": 11,
      "trainLoss": 0.3529285394766268,
      "validationLoss": 0.4910047800499834,
      "trainAccuracy": 0.6564521484412744,
      "validationAccuracy": 0.7626881683592475,
      "learningRate": 0.001
    },
    {
      "epoch": 12,
      "trainLoss": 0.35855412382221635,
      "validationLoss": 0.41200988306279307,
      "trainAccuracy": 0.6484426334165221,
      "validationAccuracy": 0.6798011988211831,
      "learningRate": 0.001
    }
  ],
  "finalMetrics": {
    "trainAccuracy": 0.8832976850958171,
    "validationAccuracy": 0.711397432221098,
    "testAccuracy": 0.7339453366976542,
    "precision": 0.6789013323132156,
    "recall": 0.6742763641362317,
    "f1Score": 0.6685521296079896
  },
  "featureImportance": {
    "open": 0.0006969783964149435,
    "high": 0.21235621897405657,
    "low": 0.5905033376300214,
    "close": 0.8454096016968944,
    "volume": 0.5007166781690763,
    "rsi_14": 0.9167483733585293,
    "rsi_7": 0.6564370509276086,
    "rsi_21": 0.8000502560414747,
    "sma_10": 0.14430466262992625,
    "sma_20": 0.5127516767510713,
    "sma_50": 0.6960946025127256,
    "ema_12": 0.9596005075891345,
    "ema_26": 0.5304531189521713,
    "ema_50": 0.7324143291023331,
    "macd": 0.03846404608726969,
    "macd_signal": 0.11498802479791388,
    "macd_histogram": 0.007603819078652395,
    "bb_upper": 0.8233835068387101,
    "bb_middle": 0.9860646209803748,
    "bb_lower": 1,
    "bb_width": 0.9294182098141336,
    "bb_position": 0.6348245985792418,
    "volume_sma_20": 0.3823051280444026,
    "volume_ratio": 0.37093682900853614,
    "body_size": 0.25807259857226933,
    "upper_wick": 0.545006424894306,
    "lower_wick": 0.6682864295009169,
    "atr_14": 0.4143735557755961,
    "volatility_10": 0.3011604020095142,
    "momentum_5": 0.3494923374702485,
    "momentum_10": 0.04076684675310013,
    "higher_tf_trend": 0.7655712222742136,
    "lower_tf_momentum": 0.18718152260670692,
    "support_level": 0.13867607560947215,
    "resistance_level": 0.5902473890788386,
    "trend_strength": 0.19644788349211753,
    "hour_of_day": 0.9999090280099142,
    "day_of_week": 0.4433576179220964
  },
  "trainingTime": 0.001,
  "version": "2.0.0",
  "trainedAt": "2025-06-01T17:37:58.442Z"
}