{
  "accuracy": 0.5821678321678322,
  "precision": 0.2910839160839161,
  "recall": 0.5,
  "f1_score": 0.3679558011049724
}